{"cameraMode":{"drawMode":0,"name":"Shaded","section":"Shading Mode"},"sceneLighting":true,"audioPlay":false,"sceneViewState":{"m_AlwaysRefresh":false,"showFog":true,"showSkybox":true,"showFlares":true,"showImageEffects":true,"showParticleSystems":true,"showVisualEffectGraphs":true,"m_FxEnabled":true},"in2DMode":false,"pivot":{"x":-16.728185653686525,"y":7.588172435760498,"z":2.8644676208496095},"rotation":{"x":-0.16406753659248353,"y":0.2362932711839676,"z":-0.040514569729566577,"w":-0.9568805694580078},"size":7.908535480499268,"orthographic":false}