{"cameraMode":{"drawMode":0,"name":"Shaded","section":"Shading Mode"},"sceneLighting":true,"audioPlay":false,"sceneViewState":{"m_AlwaysRefresh":false,"showFog":true,"showSkybox":true,"showFlares":true,"showImageEffects":true,"showParticleSystems":true,"showVisualEffectGraphs":true,"m_FxEnabled":true},"in2DMode":false,"pivot":{"x":-0.16801148653030396,"y":6.1980695724487309,"z":0.8390071988105774},"rotation":{"x":-0.14676794409751893,"y":-0.011279159225523472,"z":0.0016738292761147023,"w":-0.9891063570976257},"size":13.073257446289063,"orthographic":false}