{"cameraMode":{"drawMode":0,"name":"Shaded","section":"Shading Mode"},"sceneLighting":true,"audioPlay":false,"sceneViewState":{"m_AlwaysRefresh":false,"showFog":true,"showSkybox":true,"showFlares":true,"showImageEffects":true,"showParticleSystems":true,"showVisualEffectGraphs":true,"m_FxEnabled":true},"in2DMode":false,"pivot":{"x":-10.53438663482666,"y":6.600791931152344,"z":1.3493585586547852},"rotation":{"x":-0.01680798828601837,"y":-0.009900633245706559,"z":0.0001662992435740307,"w":-0.9998154044151306},"size":9.325868606567383,"orthographic":false}