{"cameraMode":{"drawMode":0,"name":"Shaded","section":"Shading Mode"},"sceneLighting":true,"audioPlay":false,"sceneViewState":{"m_AlwaysRefresh":false,"showFog":true,"showSkybox":true,"showFlares":true,"showImageEffects":true,"showParticleSystems":true,"showVisualEffectGraphs":true,"m_FxEnabled":true},"in2DMode":false,"pivot":{"x":-9.660603523254395,"y":4.392832279205322,"z":0.3972959518432617},"rotation":{"x":-0.22193577885627747,"y":0.009357632137835026,"z":-0.0021298336796462538,"w":-0.9750152230262756},"size":10.052660942077637,"orthographic":false}